sample_name	A fillibens coef.	C fillibens coef.	G fillibens coef.	T fillibens coef.
Test1	0.9975552830487296	0.9969556495675481	0.9785816908097491	0.9916279150914922
Test2	0.9975552830487296	0.9967125962536864	0.9773375257417931	0.9913489953801751
Test3	0.9972164248050317	0.9972086767329648	0.9320161104700938	0.9910786772359842
Test4	0.9972164248050317	0.9969007199246716	0.9323406430618658	0.9910517704862545
Test5	0.9974538767838433	0.9969315316405113	0.9790855010656389	0.9915229971480534
Test6	0.9975552830487296	0.9967125962536864	0.9773375257417931	0.9913489953801751
Test7	0.9974176213114865	0.9969141012045016	0.9349369522516824	0.9906958097550741
Test8	0.9972164248050317	0.9969007199246716	0.9323406430618658	0.9910517704862545
Test9	0.9971989642696358	0.9186054149256064	0.997581530091612	0.9173915247663554
Test10	0.9971989642696358	0.9186054149256064	0.997581530091612	0.9173915247663554
